[
    {
    "Numero": "1",
    "Jugador": "Cristiano",
    "Apellido": "Ronaldo",
    "Seleccion": "Portugal",
    "Region": "UEFA",
    "Imagen": "https://cdn.shopify.com/s/files/1/0561/4639/5336/products/IMG_2341_678d53d3-d8b0-4465-9b7f-9ca8864db383_1024x1024@2x.jpg?v=1662918341"
},
{
    "Numero": "2",
    "Jugador": "Diogo",
    "Apellido": "Jota",
    "Seleccion": "Portugal",
    "Region": "UEFA",
    "Imagen": "https://cdn.shopify.com/s/files/1/0561/4639/5336/products/IMG_2342_1024x1024@2x.jpg?v=1662918384"
},
{
    "Numero": "3",
    "Jugador": "Bernardo",
    "Apellido": "Silva",
    "Seleccion": "Portugal",
    "Region": "UEFA",
    "Imagen": "https://cdn.shopify.com/s/files/1/0561/4639/5336/products/IMG_2335_1024x1024@2x.jpg?v=1662918110"
},
{
    "Numero": "4",
    "Jugador": "Ruben",
    "Apellido": "Dias",
    "Seleccion": "Portugal",
    "Region": "UEFA",
    "Imagen": "https://cdn.shopify.com/s/files/1/0561/4639/5336/products/IMG_2334_bebe0202-2f06-419b-9436-fef81bfc8991_1024x1024@2x.jpg?v=1662918079"
},
{
    "Numero": "5",
    "Jugador": "Rui",
    "Apellido": "Patricio",
    "Seleccion": "Portugal",
    "Region": "UEFA",
    "Imagen": "https://cdn.shopify.com/s/files/1/0561/4639/5336/products/IMG_2327_1f28cc08-7c97-4467-95ee-a4f588539d49_1024x1024@2x.jpg?v=1662917828"
},
{
    "Numero": "6",
    "Jugador": "Harry",
    "Apellido": "Kane",
    "Seleccion": "Inglaterra",
    "Region": "UEFA",
    "Imagen": "https://cdn.shopify.com/s/files/1/0561/4639/5336/products/IMG_1876_1024x1024@2x.jpg?v=1662358742"
},
{
    "Numero": "7",
    "Jugador": "Phil",
    "Apellido": "Foden",
    "Seleccion": "Inglaterra",
    "Region": "UEFA",
    "Imagen": "https://cdn.shopify.com/s/files/1/0561/4639/5336/products/IMG_1875_1024x1024@2x.jpg?v=1662358709"
},
{
    "Numero": "8",
    "Jugador": "Mason",
    "Apellido": "Mount",
    "Seleccion": "Inglaterra",
    "Region": "UEFA",
    "Imagen": "https://cdn.shopify.com/s/files/1/0561/4639/5336/products/IMG_1872_1024x1024@2x.jpg?v=1662358591"
},
{
    "Numero": "9",
    "Jugador": "Harry",
    "Apellido": "Maguire",
    "Seleccion": "Inglaterra",
    "Region": "UEFA",
    "Imagen": "https://cdn.shopify.com/s/files/1/0561/4639/5336/products/IMG_1866_1024x1024@2x.jpg?v=1662358299"
},
{
    "Numero": "10",
    "Jugador": "Jordan",
    "Apellido": "Pickford",
    "Seleccion": "Inglaterra",
    "Region": "UEFA",
    "Imagen": "https://cdn.shopify.com/s/files/1/0561/4639/5336/products/IMG_1863_1024x1024@2x.jpg?v=1662358131"
},
{
    "Numero": "11",
    "Jugador": "Federico",
    "Apellido": "Valverde",
    "Seleccion": "Uruguay",
    "Region": "CONMEBOL",
    "Imagen": "https://cdn.shopify.com/s/files/1/0561/4639/5336/products/IMG_2377_7045ffe9-72d5-4904-86ee-96e3f2bb5c46_1024x1024@2x.jpg?v=1662998803"
},
{
    "Numero": "12",
    "Jugador": "Luis",
    "Apellido": "Suarez",
    "Seleccion": "Uruguay",
    "Region": "CONMEBOL",
    "Imagen": "https://cdn.shopify.com/s/files/1/0561/4639/5336/products/IMG_2381_a3097c39-6109-4f74-b24a-544dbd7c6c5b_1024x1024@2x.jpg?v=1662998965"
},{
    "Numero": "13",
    "Jugador": "Edinson",
    "Apellido": "Cavani",
    "Seleccion": "Uruguay",
    "Region": "CONMEBOL",
    "Imagen": "https://cdn.shopify.com/s/files/1/0561/4639/5336/products/IMG_2462_49af28df-7478-4cdf-a562-f56d467e8a60_1024x1024@2x.jpg?v=1663009754"
},
{
    "Numero": "14",
    "Jugador": "Diego",
    "Apellido": "Godin",
    "Seleccion": "Uruguay",
    "Region": "CONMEBOL",
    "Imagen": "https://cdn.shopify.com/s/files/1/0561/4639/5336/products/IMG_2370_3ae190c2-d768-4304-af08-876415db5fdb_1024x1024@2x.jpg?v=1662998452"
},
{
    "Numero": "15",
    "Jugador": "Fernando",
    "Apellido": "Muslera",
    "Seleccion": "Uruguay",
    "Region": "CONMEBOL",
    "Imagen": "https://cdn.shopify.com/s/files/1/0561/4639/5336/products/IMG_2366_9da07b87-1a4f-44f3-a9de-2ebd13e02607_1024x1024@2x.jpg?v=1662998252"
},
{
    "Numero": "16",
    "Jugador": "Vinicius",
    "Apellido": "JR",
    "Seleccion": "Brasil",
    "Region": "CONMEBOL",
    "Imagen": "https://cdn.shopify.com/s/files/1/0561/4639/5336/products/IMG_2269_9ba4bd61-ae39-4a45-90a1-e46ff9e09886_1024x1024@2x.jpg?v=1662751430"
},
{
    "Numero": "17",
    "Jugador": "Carlos",
    "Apellido": "Casemiro",
    "Seleccion": "Brasil",
    "Region": "CONMEBOL",
    "Imagen": "https://cdn.shopify.com/s/files/1/0561/4639/5336/products/IMG_2259_1024x1024@2x.jpg?v=1662750978"
},
{
    "Numero": "18",
    "Jugador": "Eder",
    "Apellido": "Militao",
    "Seleccion": "Brasil",
    "Region": "CONMEBOL",
    "Imagen": "https://cdn.shopify.com/s/files/1/0561/4639/5336/products/IMG_2256_1024x1024@2x.jpg?v=1662750847"
},
{
    "Numero": "19",
    "Jugador": "Gabriel",
    "Apellido": "Jesus",
    "Seleccion": "Brasil",
    "Region": "CONMEBOL",
    "Imagen": "https://cdn.shopify.com/s/files/1/0561/4639/5336/products/IMG_2265_1024x1024@2x.jpg?v=1662751251"
},
{
    "Numero": "20",
    "Jugador": "Alisson",
    "Apellido": "Becker",
    "Seleccion": "Brasil",
    "Region": "CONMEBOL",
    "Imagen": "https://cdn.shopify.com/s/files/1/0561/4639/5336/products/IMG_2448_8e1a95cd-3c13-4ad1-be51-8a2bd043e65f_1024x1024@2x.jpg?v=1663009021"
}

]
